"SEQNO","ALCNO","NEWID","UCC","PUBFLAG"
37,0,2030205,"520110","2"
28,0,2031355,"520110","2"
56,0,2040805,"520110","2"
42,0,2030445,"520110","2"
58,0,2032745,"520110","2"
43,0,2025605,"520110","2"
52,0,2030145,"520110","2"
53,0,2030145,"520110","2"
51,0,2040385,"520110","2"
60,0,2018775,"520110","2"
54,0,2172614,"520110","2"
53,0,2188764,"520110","2"
66,0,2181154,"520110","2"
42,0,2185064,"520110","2"
55,0,2180874,"520110","2"
56,0,2180874,"520110","2"
54,0,2173904,"520110","2"
37,0,2224464,"520110","2"
45,0,2187124,"520110","2"
34,0,2196425,"520110","2"
55,0,2217063,"520110","2"
45,0,2256814,"520110","2"
46,0,2205323,"520110","2"
39,0,2233472,"520110","2"
47,0,2280722,"520110","2"
55,0,2278212,"520110","2"
39,0,2264252,"520110","2"
52,0,2283972,"520110","2"
59,0,2286612,"520110","2"
66,0,2280842,"520110","2"
77,0,2029125,"520110","2"
40,1,2040235,"520110","2"
40,2,2040235,"520110","2"
51,1,2022045,"520110","2"
51,2,2022045,"520110","2"
47,0,2225615,"520110","2"
48,0,2225615,"520110","2"
80,0,2019955,"520110","2"
81,0,2019955,"520110","2"
64,1,2029345,"520110","2"
64,2,2029345,"520110","2"
77,0,2181024,"520110","2"
75,1,2188614,"520110","2"
75,2,2188614,"520110","2"
57,0,2193114,"520110","2"
36,0,2222373,"520110","2"
49,1,2201233,"520110","2"
49,2,2201233,"520110","2"
60,0,2217693,"520110","2"
46,0,2212853,"520110","2"
47,0,2212853,"520110","2"
80,1,2214833,"520110","2"
60,0,2221643,"520110","2"
75,0,2202393,"520110","2"
86,1,2219323,"520110","2"
86,2,2219323,"520110","2"
88,1,2219323,"520110","2"
88,2,2219323,"520110","2"
73,1,2214223,"520110","2"
73,2,2214223,"520110","2"
68,1,2251112,"520110","2"
68,2,2251112,"520110","2"
50,1,2247032,"520110","2"
50,2,2247032,"520110","2"
46,0,2263302,"520110","2"
98,0,2277482,"520110","2"
84,0,2292712,"520110","2"
68,0,2292892,"520110","2"
52,0,2285552,"520110","2"
53,0,2285552,"520110","2"
47,1,2287512,"520110","2"
47,2,2287512,"520110","2"
48,1,2286532,"520110","2"
48,2,2286532,"520110","2"
57,0,2291453,"520110","2"
70,0,2019665,"520110","2"
71,0,2019665,"520110","2"
42,0,2021665,"520110","2"
50,0,2019205,"520110","2"
58,0,2028315,"520110","2"
54,0,2039295,"520110","2"
42,0,2170604,"520110","2"
67,0,2170724,"520110","2"
40,0,2185164,"520110","2"
54,0,2215603,"520110","2"
59,0,2200973,"520110","2"
41,0,2223653,"520110","2"
43,0,2208083,"520110","2"
65,0,2232662,"520110","2"
47,0,2228322,"520110","2"
46,0,2272712,"520110","2"
63,0,2303432,"520110","2"
64,0,2303432,"520110","2"
45,2,2296682,"520110","2"
65,0,2299372,"520110","2"
62,0,2290802,"520110","2"
58,0,2033925,"520110","2"
50,0,2034745,"520110","2"
57,2,2218633,"520110","2"
50,1,2198353,"520110","2"
50,2,2198353,"520110","2"
25,0,2222783,"520110","2"
36,0,2223483,"520110","2"
37,0,2223483,"520110","2"
59,0,2257702,"520110","2"
46,0,2262822,"520110","2"
62,0,2275802,"520110","2"
45,1,2225875,"520110","2"
45,2,2225875,"520110","2"
39,0,2031545,"520110","2"
64,0,2027085,"520110","2"
74,0,2018625,"520110","2"
67,0,2167505,"520110","2"
43,0,2019265,"520110","2"
38,0,2031285,"520110","2"
61,0,2026755,"520110","2"
66,0,2040865,"520110","2"
65,0,2040015,"520110","2"
48,0,2161595,"520110","2"
44,0,2169704,"520110","2"
73,0,2169374,"520110","2"
64,0,2216583,"520110","2"
63,0,2219273,"520110","2"
47,0,2216403,"520110","2"
48,2,2212053,"520110","2"
40,0,2203483,"520110","2"
75,0,2203833,"520110","2"
60,0,2214733,"520110","2"
52,0,2217873,"520110","2"
38,0,2221173,"520110","2"
55,0,2214333,"520110","2"
50,0,2233502,"520110","2"
49,0,2250562,"520110","2"
54,0,2228112,"520110","2"
39,0,2256742,"520110","2"
52,0,2279052,"520110","2"
58,0,2280682,"520110","2"
60,0,2274062,"520110","2"
40,0,2277432,"520110","2"
41,0,2282012,"520110","2"
39,0,2298322,"520110","2"
97,0,2284312,"520110","2"
57,0,2287742,"520110","2"
40,0,2285832,"520110","2"
41,0,2285832,"520110","2"
67,0,2282332,"520110","2"
38,0,2289342,"520110","2"
41,0,2030225,"520110","2"
70,0,2037575,"520110","2"
49,0,2024075,"520110","2"
53,0,2030375,"520110","2"
54,0,2030375,"520110","2"
40,0,2018575,"520110","2"
62,0,2022475,"520110","2"
35,0,2189484,"520110","2"
57,0,2178444,"520110","2"
36,2,2175934,"520110","2"
36,3,2175934,"520110","2"
49,0,2183014,"520110","2"
67,0,2169814,"520110","2"
58,0,2216923,"520110","2"
59,0,2206483,"520110","2"
87,0,2200803,"520110","2"
31,0,2275943,"520110","2"
80,0,2200773,"520110","2"
49,0,2216863,"520110","2"
60,0,2212113,"520110","2"
61,0,2212113,"520110","2"
62,0,2212113,"520110","2"
45,0,2198433,"520110","2"
25,0,2306973,"520110","2"
36,0,2224033,"520110","2"
30,0,2200413,"520110","2"
42,0,2235332,"520110","2"
50,0,2227324,"520110","2"
51,0,2227324,"520110","2"
38,0,2261772,"520110","2"
91,0,2280532,"520110","2"
92,0,2280532,"520110","2"
59,0,2282572,"520110","2"
47,0,2285802,"520110","2"
48,1,2285802,"520110","2"
48,2,2285802,"520110","2"
75,0,2022085,"520110","2"
76,0,2022085,"520110","2"
65,0,2020825,"520110","2"
55,0,2037595,"520110","2"
39,0,2034195,"520110","2"
51,0,2025325,"520110","2"
54,0,2028295,"520110","2"
55,0,2028295,"520110","2"
48,0,2034515,"520110","2"
67,0,2020675,"520110","2"
42,0,2019255,"520110","2"
52,0,2040715,"520110","2"
64,0,2024725,"520110","2"
65,0,2024725,"520110","2"
33,0,2163235,"520110","2"
81,0,2028845,"520110","2"
52,0,2180334,"520110","2"
57,0,2175614,"520110","2"
61,0,2185854,"520110","2"
49,0,2193054,"520110","2"
58,0,2176184,"520110","2"
28,0,2169094,"520110","2"
54,0,2190554,"520110","2"
58,0,2188564,"520110","2"
57,0,2187974,"520110","2"
37,0,2196804,"520110","2"
66,0,2189824,"520110","2"
67,0,2189824,"520110","2"
48,0,2180044,"520110","2"
61,0,2173914,"520110","2"
47,0,2173595,"520110","2"
88,0,2174384,"520110","2"
37,0,2205854,"520110","2"
58,0,2183874,"520110","2"
64,0,2178034,"520110","2"
65,0,2178034,"520110","2"
37,0,2210314,"520110","2"
59,0,2216743,"520110","2"
64,0,2210393,"520110","2"
57,0,2200213,"520110","2"
40,0,2221793,"520110","2"
50,0,2217343,"520110","2"
51,0,2217343,"520110","2"
48,0,2211573,"520110","2"
75,0,2210883,"520110","2"
48,0,2203243,"520110","2"
55,0,2213063,"520110","2"
45,0,2220543,"520110","2"
76,0,2198753,"520110","2"
78,0,2198624,"520110","2"
49,0,2212323,"520110","2"
61,0,2210223,"520110","2"
54,0,2211213,"520110","2"
92,0,2198633,"520110","2"
40,0,2222833,"520110","2"
42,0,2222443,"520110","2"
53,0,2219813,"520110","2"
65,0,2212653,"520110","2"
58,0,2219803,"520110","2"
78,0,2236542,"520110","2"
59,0,2230422,"520110","2"
63,0,2233402,"520110","2"
64,0,2233402,"520110","2"
31,0,2233952,"520110","2"
64,0,2236242,"520110","2"
59,0,2278892,"520110","2"
48,0,2258612,"520110","2"
39,0,2278622,"520110","2"
52,0,2263192,"520110","2"
42,0,2269632,"520110","2"
79,0,2271212,"520110","2"
62,0,2226575,"520110","2"
26,0,2225653,"520110","2"
80,0,2305372,"520110","2"
64,0,2308002,"520110","2"
75,0,2301852,"520110","2"
74,0,2302332,"520110","2"
92,0,2285432,"520110","2"
93,0,2285432,"520110","2"
62,0,2303992,"520110","2"
37,0,2303452,"520110","2"
31,0,2288022,"520110","2"
54,0,2021795,"520110","2"
45,0,2025595,"520110","2"
77,0,2038995,"520110","2"
81,0,2023615,"520110","2"
82,0,2023615,"520110","2"
42,0,2034105,"520110","2"
64,0,2019875,"520110","2"
47,0,2041385,"520110","2"
37,0,2168305,"520110","2"
64,0,2175444,"520110","2"
42,0,2189544,"520110","2"
48,0,2190344,"520110","2"
70,0,2178614,"520110","2"
75,0,2187604,"520110","2"
76,0,2187604,"520110","2"
43,0,2189354,"520110","2"
55,0,2179454,"520110","2"
62,0,2210093,"520110","2"
54,0,2208133,"520110","2"
60,0,2222523,"520110","2"
65,0,2203193,"520110","2"
51,0,2216023,"520110","2"
49,0,2209033,"520110","2"
50,0,2209033,"520110","2"
60,0,2242602,"520110","2"
51,0,2252582,"520110","2"
68,0,2226705,"520110","2"
64,0,2279192,"520110","2"
42,0,2272132,"520110","2"
50,0,2272182,"520110","2"
51,0,2272182,"520110","2"
49,0,2261282,"520110","2"
58,0,2266482,"520110","2"
59,0,2266482,"520110","2"
59,0,2271662,"520110","2"
76,0,2286972,"520110","2"
46,0,2298712,"520110","2"
80,0,2288412,"520110","2"
48,0,2295772,"520110","2"
42,0,2293732,"520110","2"
53,0,2033205,"520110","2"
33,0,2163785,"520110","2"
44,0,2023405,"520110","2"
66,0,2019335,"520110","2"
43,0,2034445,"520110","2"
45,0,2177654,"520110","2"
56,0,2177524,"520110","2"
48,0,2180774,"520110","2"
75,0,2182224,"520110","2"
39,0,2214153,"520110","2"
47,1,2214173,"520110","2"
58,0,2202333,"520110","2"
51,0,2210303,"520110","2"
52,0,2210303,"520110","2"
52,0,2209953,"520110","2"
53,0,2209953,"520110","2"
47,0,2203003,"520110","2"
48,0,2238862,"520110","2"
74,0,2277782,"520110","2"
29,0,2258382,"520110","2"
43,0,2294032,"520110","2"
70,0,2286792,"520110","2"
71,0,2286792,"520110","2"
66,0,2030285,"520110","2"
34,1,2018205,"520110","2"
61,0,2030455,"520110","2"
48,0,2040425,"520110","2"
43,0,2036565,"520110","2"
54,0,2023475,"520110","2"
55,0,2023475,"520110","2"
37,0,2172654,"520110","2"
64,1,2188994,"520110","2"
51,0,2187514,"520110","2"
56,0,2192144,"520110","2"
37,1,2175814,"520110","2"
97,0,2173694,"520110","2"
67,0,2202583,"520110","2"
68,0,2202583,"520110","2"
29,0,2241893,"520110","2"
62,0,2222893,"520110","2"
89,0,2210433,"520110","2"
81,0,2216793,"520110","2"
61,0,2203523,"520110","2"
61,0,2214443,"520110","2"
49,0,2255002,"520110","2"
49,0,2260452,"520110","2"
36,0,2295212,"520110","2"
61,0,2281872,"520110","2"
71,0,2292592,"520110","2"
72,0,2292592,"520110","2"
61,0,2162415,"520110","2"
52,0,2030025,"520110","2"
65,0,2035495,"520110","2"
53,0,2027335,"520110","2"
67,0,2023915,"520110","2"
61,0,2027005,"520110","2"
62,0,2027005,"520110","2"
74,0,2021525,"520110","2"
75,0,2021525,"520110","2"
33,0,2031035,"520110","2"
64,0,2021015,"520110","2"
79,0,2031695,"520110","2"
78,0,2020185,"520110","2"
43,0,2172824,"520110","2"
86,0,2193204,"520110","2"
87,0,2193204,"520110","2"
36,0,2176774,"520110","2"
73,0,2189884,"520110","2"
55,0,2173354,"520110","2"
51,0,2182314,"520110","2"
52,0,2182314,"520110","2"
43,0,2183484,"520110","2"
88,0,2189054,"520110","2"
45,0,2206793,"520110","2"
76,0,2212363,"520110","2"
43,0,2216963,"520110","2"
78,0,2199753,"520110","2"
41,0,2205673,"520110","2"
33,0,2231042,"520110","2"
70,0,2235012,"520110","2"
71,0,2235012,"520110","2"
58,0,2292022,"520110","2"
35,0,2298292,"520110","2"
80,0,2288262,"520110","2"
57,0,2271334,"520110","2"
40,0,2039995,"520110","2"
88,0,2035945,"520110","2"
36,0,2166335,"520110","2"
53,0,2205643,"520110","2"
66,0,2201043,"520110","2"
38,0,2203273,"520110","2"
63,0,2209343,"520110","2"
64,0,2209343,"520110","2"
65,0,2209343,"520110","2"
77,0,2210703,"520110","2"
49,0,2246942,"520110","2"
68,0,2252862,"520110","2"
48,2,2287112,"520110","2"
51,0,2305152,"520110","2"
74,0,2282912,"520110","2"
69,2,2291292,"520110","2"
64,0,2302892,"520110","2"
48,0,2021165,"520110","2"
59,0,2038515,"520110","2"
36,0,2040615,"520110","2"
52,0,2180194,"520110","2"
47,0,2191044,"520110","2"
52,0,2201333,"520110","2"
47,0,2032605,"520110","2"
47,0,2022895,"520110","2"
59,0,2022455,"520110","2"
51,0,2036415,"520110","2"
60,0,2018415,"520110","2"
62,0,2023665,"520110","2"
54,0,2037945,"520110","2"
53,0,2032905,"520110","2"
39,0,2180454,"520110","2"
51,0,2190934,"520110","2"
48,0,2189114,"520110","2"
51,0,2190294,"520110","2"
36,0,2186104,"520110","2"
47,0,2181804,"520110","2"
57,0,2170574,"520110","2"
51,1,2188184,"520110","2"
37,0,2172584,"520110","2"
44,0,2173784,"520110","2"
57,0,2193084,"520110","2"
38,0,2205803,"520110","2"
67,0,2213543,"520110","2"
34,0,2226493,"520110","2"
77,0,2201793,"520110","2"
29,0,2222563,"520110","2"
45,0,2210113,"520110","2"
67,0,2206593,"520110","2"
80,0,2220973,"520110","2"
65,0,2199843,"520110","2"
57,0,2244242,"520110","2"
63,0,2268072,"520110","2"
54,0,2268962,"520110","2"
32,0,2291082,"520110","2"
84,0,2305642,"520110","2"
42,0,2243965,"520110","2"
35,1,2228584,"520110","2"
93,0,2018805,"520110","2"
51,0,2026075,"520110","2"
54,0,2034735,"520110","2"
66,0,2025505,"520110","2"
67,0,2025505,"520110","2"
29,0,2174834,"520110","2"
54,0,2175454,"520110","2"
49,0,2182944,"520110","2"
45,0,2219853,"520110","2"
49,0,2272063,"520110","2"
72,0,2214843,"520110","2"
73,2,2214843,"520110","2"
44,0,2222883,"520110","2"
63,0,2214623,"520110","2"
68,0,2209893,"520110","2"
46,0,2220733,"520110","2"
53,0,2215973,"520110","2"
38,0,2206453,"520110","2"
44,0,2222573,"520110","2"
44,0,2212783,"520110","2"
70,0,2205333,"520110","2"
57,0,2235502,"520110","2"
59,0,2266272,"520110","2"
75,0,2265572,"520110","2"
58,0,2265172,"520110","2"
67,0,2260522,"520110","2"
59,0,2290752,"520110","2"
51,1,2296822,"520110","2"
52,1,2296822,"520110","2"
43,0,2285592,"520110","2"
49,0,2030805,"520110","2"
66,2,2033725,"520110","2"
44,1,2036265,"520110","2"
55,0,2030125,"520110","2"
33,0,2166945,"520110","2"
45,0,2192014,"520110","2"
84,0,2175494,"520110","2"
79,0,2217803,"520110","2"
71,0,2203703,"520110","2"
48,0,2211973,"520110","2"
50,0,2220063,"520110","2"
90,2,2202743,"520110","2"
91,0,2202743,"520110","2"
61,0,2209403,"520110","2"
44,0,2199573,"520110","2"
42,0,2203413,"520110","2"
34,0,2237922,"520110","2"
40,0,2228442,"520110","2"
37,0,2272302,"520110","2"
42,0,2281832,"520110","2"
51,0,2247685,"520110","2"
56,0,2273103,"520110","2"
47,0,2292383,"520110","2"
57,0,2027165,"520110","2"
27,0,2269685,"520110","2"
30,0,2225825,"520110","2"
40,0,2021085,"520110","2"
33,0,2170894,"520110","2"
50,0,2185014,"520110","2"
40,0,2201983,"520110","2"
43,0,2220113,"520110","2"
58,0,2221343,"520110","2"
68,0,2270062,"520110","2"
69,0,2028865,"520110","2"
56,0,2018665,"520110","2"
36,0,2025355,"520110","2"
58,0,2175204,"520110","2"
54,0,2177274,"520110","2"
42,0,2198583,"520110","2"
59,0,2221923,"520110","2"
48,0,2256723,"520110","2"
35,0,2199313,"520110","2"
36,0,2259442,"520110","2"
58,0,2024465,"520110","2"
64,0,2028625,"520110","2"
68,0,2024615,"520110","2"
69,0,2024615,"520110","2"
34,0,2033755,"520110","2"
29,0,2040775,"520110","2"
68,0,2031185,"520110","2"
39,0,2024045,"520110","2"
41,0,2028005,"520110","2"
54,0,2027985,"520110","2"
30,0,2023935,"520110","2"
51,0,2037465,"520110","2"
78,0,2031325,"520110","2"
63,0,2196995,"520110","2"
75,0,2039125,"520110","2"
72,0,2037035,"520110","2"
72,0,2019105,"520110","2"
73,0,2019105,"520110","2"
36,0,2039275,"520110","2"
47,0,2181634,"520110","2"
75,0,2170804,"520110","2"
66,0,2172544,"520110","2"
46,0,2179814,"520110","2"
36,0,2175084,"520110","2"
67,0,2193014,"520110","2"
60,0,2186004,"520110","2"
50,0,2171954,"520110","2"
53,0,2187644,"520110","2"
52,0,2187864,"520110","2"
52,0,2176944,"520110","2"
40,0,2185864,"520110","2"
92,0,2188784,"520110","2"
93,0,2188784,"520110","2"
34,0,2169554,"520110","2"
33,0,2187824,"520110","2"
81,0,2187474,"520110","2"
82,0,2187474,"520110","2"
45,0,2170134,"520110","2"
46,0,2170134,"520110","2"
62,0,2219643,"520110","2"
57,0,2199923,"520110","2"
58,0,2199923,"520110","2"
26,0,2207613,"520110","2"
69,0,2220223,"520110","2"
53,0,2207803,"520110","2"
54,0,2207803,"520110","2"
61,0,2200885,"520110","2"
46,0,2208313,"520110","2"
44,0,2208983,"520110","2"
73,0,2223133,"520110","2"
46,0,2217993,"520110","2"
53,0,2209723,"520110","2"
29,0,2216783,"520110","2"
27,0,2220583,"520110","2"
48,0,2223823,"520110","2"
90,0,2201863,"520110","2"
40,0,2204603,"520110","2"
40,0,2217333,"520110","2"
38,0,2196815,"520110","2"
45,0,2210853,"520110","2"
33,0,2230252,"520110","2"
64,0,2234882,"520110","2"
33,0,2244712,"520110","2"
56,0,2241632,"520110","2"
57,2,2241632,"520110","2"
42,0,2235702,"520110","2"
46,0,2227265,"520110","2"
57,0,2250912,"520110","2"
37,0,2231552,"520110","2"
42,0,2268952,"520110","2"
44,0,2275042,"520110","2"
52,2,2280462,"520110","2"
28,0,2273412,"520110","2"
69,0,2263492,"520110","2"
49,0,2259282,"520110","2"
39,0,2286832,"520110","2"
47,0,2294812,"520110","2"
56,0,2299902,"520110","2"
56,0,2291752,"520110","2"
33,0,2292362,"520110","2"
63,0,2298462,"520110","2"
62,0,2289452,"520110","2"
60,0,2037685,"520110","2"
34,1,2033545,"520110","2"
48,0,2023215,"520110","2"
37,0,2033385,"520110","2"
51,0,2018315,"520110","2"
62,0,2023865,"520110","2"
59,0,2024625,"520110","2"
63,0,2022565,"520110","2"
61,0,2018725,"520110","2"
40,0,2036255,"520110","2"
70,0,2027215,"520110","2"
57,0,2189944,"520110","2"
64,0,2188634,"520110","2"
44,0,2182404,"520110","2"
71,0,2171754,"520110","2"
39,0,2184934,"520110","2"
49,0,2177264,"520110","2"
50,0,2177264,"520110","2"
54,0,2172604,"520110","2"
56,0,2182374,"520110","2"
55,0,2188234,"520110","2"
56,1,2204843,"520110","2"
56,2,2204843,"520110","2"
47,0,2199723,"520110","2"
46,0,2226993,"520110","2"
47,0,2217623,"520110","2"
46,0,2208123,"520110","2"
52,0,2200523,"520110","2"
45,0,2249212,"520110","2"
50,0,2277882,"520110","2"
54,0,2257552,"520110","2"
48,0,2254732,"520110","2"
92,0,2260932,"520110","2"
93,0,2260932,"520110","2"
54,0,2280352,"520110","2"
43,0,2285132,"520110","2"
44,1,2291252,"520110","2"
44,2,2291252,"520110","2"
52,0,2285054,"520110","2"
71,0,2165935,"520110","2"
72,0,2165935,"520110","2"
76,0,2037745,"520110","2"
39,0,2037705,"520110","2"
47,0,2025265,"520110","2"
62,0,2035595,"520110","2"
60,0,2038885,"520110","2"
123,0,2021295,"520110","2"
87,0,2035355,"520110","2"
83,0,2022325,"520110","2"
53,0,2164875,"520110","2"
42,0,2038145,"520110","2"
50,0,2026825,"520110","2"
42,0,2021245,"520110","2"
41,0,2019685,"520110","2"
64,0,2019935,"520110","2"
65,0,2019935,"520110","2"
46,0,2018535,"520110","2"
46,0,2174924,"520110","2"
44,0,2175304,"520110","2"
57,0,2173934,"520110","2"
77,0,2184144,"520110","2"
78,0,2184144,"520110","2"
52,0,2191084,"520110","2"
51,0,2179124,"520110","2"
44,0,2192484,"520110","2"
75,0,2171714,"520110","2"
48,0,2191154,"520110","2"
50,0,2180914,"520110","2"
41,0,2185284,"520110","2"
51,0,2181974,"520110","2"
49,0,2181454,"520110","2"
26,0,2185934,"520110","2"
40,0,2172884,"520110","2"
59,0,2169084,"520110","2"
70,0,2218213,"520110","2"
36,0,2219163,"520110","2"
51,0,2222303,"520110","2"
49,0,2209433,"520110","2"
36,0,2217913,"520110","2"
39,0,2210643,"520110","2"
55,0,2205753,"520110","2"
78,0,2217093,"520110","2"
80,0,2217093,"520110","2"
54,0,2212513,"520110","2"
56,0,2204853,"520110","2"
74,0,2223333,"520110","2"
75,0,2223333,"520110","2"
59,0,2204613,"520110","2"
83,0,2215943,"520110","2"
96,0,2231562,"520110","2"
86,0,2241672,"520110","2"
61,0,2240212,"520110","2"
67,0,2244162,"520110","2"
43,0,2229402,"520110","2"
55,0,2226385,"520110","2"
76,0,2239932,"520110","2"
31,0,2256692,"520110","2"
58,0,2284242,"520110","2"
55,0,2288862,"520110","2"
37,0,2299202,"520110","2"
35,0,2225713,"520110","2"
50,0,2292272,"520110","2"
82,0,2034975,"520110","2"
70,0,2023355,"520110","2"
49,0,2038875,"520110","2"
72,0,2020605,"520110","2"
28,0,2173334,"520110","2"
66,0,2173054,"520110","2"
43,0,2184014,"520110","2"
76,0,2170514,"520110","2"
60,0,2178944,"520110","2"
53,0,2175954,"520110","2"
43,0,2175224,"520110","2"
45,0,2229333,"520110","2"
82,0,2217983,"520110","2"
32,0,2278973,"520110","2"
55,0,2201993,"520110","2"
73,0,2205203,"520110","2"
64,0,2222493,"520110","2"
50,0,2199013,"520110","2"
44,0,2221803,"520110","2"
47,0,2221803,"520110","2"
77,0,2216283,"520110","2"
78,0,2216283,"520110","2"
51,0,2230892,"520110","2"
52,0,2230892,"520110","2"
63,0,2235152,"520110","2"
66,0,2255882,"520110","2"
44,0,2263532,"520110","2"
35,0,2225484,"520110","2"
58,0,2290782,"520110","2"
48,0,2299462,"520110","2"
77,0,2306632,"520110","2"
55,0,2297122,"520110","2"
43,0,2039795,"520110","2"
81,0,2029105,"520110","2"
82,0,2029105,"520110","2"
65,0,2023725,"520110","2"
49,0,2019195,"520110","2"
35,0,2032755,"520110","2"
45,0,2179594,"520110","2"
57,0,2190864,"520110","2"
33,0,2213454,"520110","2"
46,0,2226653,"520110","2"
47,0,2226653,"520110","2"
64,0,2224543,"520110","2"
55,0,2243212,"520110","2"
49,0,2262172,"520110","2"
57,0,2277512,"520110","2"
48,0,2291502,"520110","2"
49,0,2291502,"520110","2"
27,0,2292562,"520110","2"
51,0,2298622,"520110","2"
36,0,2289852,"520110","2"
37,1,2307654,"520110","2"
83,1,2022965,"520110","2"
59,0,2038325,"520110","2"
126,0,2023845,"520110","2"
67,0,2031805,"520110","2"
48,1,2169064,"520110","2"
84,0,2193574,"520110","2"
30,0,2221844,"520110","2"
49,0,2176374,"520110","2"
130,1,2169974,"520110","2"
49,0,2179584,"520110","2"
46,0,2190194,"520110","2"
62,0,2175804,"520110","2"
102,2,2191444,"520110","2"
91,0,2200123,"520110","2"
50,2,2220463,"520110","2"
75,0,2224743,"520110","2"
60,0,2202773,"520110","2"
61,2,2202773,"520110","2"
40,0,2232722,"520110","2"
82,0,2236322,"520110","2"
87,0,2288312,"520110","2"
88,0,2288312,"520110","2"
57,0,2022195,"520110","2"
45,0,2023285,"520110","2"
66,0,2038345,"520110","2"
39,0,2024195,"520110","2"
55,0,2038735,"520110","2"
66,0,2171944,"520110","2"
44,0,2188004,"520110","2"
45,0,2185884,"520110","2"
29,0,2195584,"520110","2"
43,0,2202163,"520110","2"
71,0,2222433,"520110","2"
44,0,2214764,"520110","2"
52,0,2237042,"520110","2"
36,0,2235022,"520110","2"
31,0,2232942,"520110","2"
49,0,2269032,"520110","2"
52,0,2260592,"520110","2"
47,0,2020045,"520110","2"
59,1,2033955,"520110","2"
49,1,2036155,"520110","2"
50,0,2036155,"520110","2"
71,0,2022175,"520110","2"
69,1,2189394,"520110","2"
52,0,2195174,"520110","2"
46,0,2191764,"520110","2"
68,1,2221083,"520110","2"
40,1,2202373,"520110","2"
41,1,2202373,"520110","2"
82,0,2210543,"520110","2"
61,0,2233012,"520110","2"
53,1,2293202,"520110","2"
28,0,2236403,"520110","2"
43,0,2033845,"520110","2"
52,0,2019555,"520110","2"
32,0,2162155,"520110","2"
57,0,2195185,"520110","2"
61,0,2174884,"520110","2"
37,0,2172624,"520110","2"
49,0,2190724,"520110","2"
22,0,2213983,"520110","2"
43,0,2208503,"520110","2"
42,0,2203963,"520110","2"
59,0,2222243,"520110","2"
37,0,2197805,"520110","2"
53,0,2270172,"520110","2"
72,0,2266402,"520110","2"
67,0,2018845,"520110","2"
101,0,2023325,"520110","2"
47,0,2018755,"520110","2"
70,0,2019575,"520110","2"
48,1,2172924,"520110","2"
78,0,2219383,"520110","2"
79,0,2219383,"520110","2"
76,0,2200983,"520110","2"
25,0,2215323,"520110","2"
40,0,2244922,"520110","2"
64,0,2283922,"520110","2"
84,0,2027305,"520110","2"
85,0,2027305,"520110","2"
77,0,2026195,"520110","2"
78,0,2026195,"520110","2"
79,0,2026195,"520110","2"
132,0,2031025,"520110","2"
69,0,2162475,"520110","2"
52,0,2165745,"520110","2"
78,0,2021235,"520110","2"
62,0,2038505,"520110","2"
95,0,2036465,"520110","2"
96,0,2036465,"520110","2"
70,0,2227054,"520110","2"
73,0,2178554,"520110","2"
56,0,2183864,"520110","2"
55,0,2181584,"520110","2"
74,0,2189674,"520110","2"
43,0,2172964,"520110","2"
51,1,2201543,"520110","2"
44,0,2210833,"520110","2"
75,0,2221873,"520110","2"
50,0,2213083,"520110","2"
51,0,2213083,"520110","2"
55,0,2249722,"520110","2"
66,0,2255622,"520110","2"
67,0,2255622,"520110","2"
49,0,2274412,"520110","2"
75,0,2275622,"520110","2"
57,0,2305732,"520110","2"
69,0,2288492,"520110","2"
78,0,2026745,"520110","2"
56,0,2040585,"520110","2"
53,0,2180494,"520110","2"
31,0,2201363,"520110","2"
51,0,2202383,"520110","2"
45,0,2207123,"520110","2"
35,0,2221153,"520110","2"
57,0,2200953,"520110","2"
61,0,2217213,"520110","2"
58,0,2288112,"520110","2"
59,0,2029205,"520110","2"
104,0,2035905,"520110","2"
105,0,2035905,"520110","2"
106,0,2035905,"520110","2"
51,0,2029785,"520110","2"
44,0,2192894,"520110","2"
58,0,2177224,"520110","2"
65,0,2192724,"520110","2"
69,0,2171314,"520110","2"
59,0,2220023,"520110","2"
48,0,2211733,"520110","2"
70,0,2198233,"520110","2"
71,0,2198233,"520110","2"
78,0,2241552,"520110","2"
54,0,2247502,"520110","2"
72,0,2264532,"520110","2"
50,0,2267712,"520110","2"
72,0,2304242,"520110","2"
73,0,2304242,"520110","2"
44,0,2286302,"520110","2"
61,0,2302682,"520110","2"
32,0,2283563,"520110","2"
90,0,2033195,"520110","2"
99,0,2036815,"520110","2"
100,0,2036815,"520110","2"
61,0,2020665,"520110","2"
62,0,2020665,"520110","2"
61,0,2036305,"520110","2"
46,0,2034855,"520110","2"
71,0,2172724,"520110","2"
78,0,2169514,"520110","2"
73,0,2169304,"520110","2"
74,0,2169304,"520110","2"
72,0,2218203,"520110","2"
59,0,2210183,"520110","2"
60,0,2210183,"520110","2"
92,0,2220213,"520110","2"
50,0,2200653,"520110","2"
44,0,2219103,"520110","2"
61,0,2209763,"520110","2"
52,0,2218023,"520110","2"
64,0,2231192,"520110","2"
42,0,2243042,"520110","2"
60,0,2294092,"520110","2"
50,0,2163415,"520110","2"
80,0,2020225,"520110","2"
32,0,2021395,"520110","2"
59,0,2040555,"520110","2"
41,0,2037555,"520110","2"
70,0,2022275,"520110","2"
33,2,2189664,"520110","2"
47,0,2172944,"520110","2"
54,0,2171594,"520110","2"
69,0,2188314,"520110","2"
59,0,2169224,"520110","2"
42,0,2180324,"520110","2"
63,0,2186994,"520110","2"
28,0,2171674,"520110","2"
81,0,2170524,"520110","2"
33,0,2173174,"520110","2"
52,0,2187164,"520110","2"
81,0,2223663,"520110","2"
82,0,2223663,"520110","2"
51,0,2215913,"520110","2"
66,0,2300142,"520110","2"
73,0,2032265,"520110","2"
75,0,2032265,"520110","2"
36,1,2171274,"520110","2"
41,0,2179524,"520110","2"
50,0,2173504,"520110","2"
62,0,2192964,"520110","2"
44,0,2206173,"520110","2"
53,0,2210443,"520110","2"
52,0,2212963,"520110","2"
53,0,2212963,"520110","2"
60,0,2205773,"520110","2"
61,0,2205773,"520110","2"
52,1,2238602,"520110","2"
77,1,2262492,"520110","2"
37,0,2293852,"520110","2"
61,0,2295562,"520110","2"
53,0,2027495,"520110","2"
54,0,2027495,"520110","2"
65,0,2025935,"520110","2"
42,0,2018485,"520110","2"
53,0,2169024,"520110","2"
69,0,2176924,"520110","2"
47,0,2179234,"520110","2"
47,0,2035675,"520110","2"
50,0,2169004,"520110","2"
51,0,2169004,"520110","2"
73,0,2176874,"520110","2"
33,0,2291364,"520110","2"
39,0,2215103,"520110","2"
50,0,2200033,"520110","2"
69,0,2206753,"520110","2"
77,0,2222973,"520110","2"
50,0,2261232,"520110","2"
56,0,2284232,"520110","2"
62,0,2296802,"520110","2"
58,0,2029715,"520110","2"
59,0,2031955,"520110","2"
56,0,2180154,"520110","2"
36,0,2185684,"520110","2"
53,1,2194434,"520110","2"
78,0,2181754,"520110","2"
79,0,2181754,"520110","2"
71,0,2205593,"520110","2"
73,0,2205593,"520110","2"
51,0,2211553,"520110","2"
38,0,2221883,"520110","2"
34,0,2220323,"520110","2"
77,0,2216053,"520110","2"
41,0,2230512,"520110","2"
33,0,2258032,"520110","2"
25,0,2273922,"520110","2"
74,0,2281922,"520110","2"
46,0,2306542,"520110","2"
26,0,2288622,"520110","2"
32,0,2276643,"520110","2"
56,0,2176694,"520110","2"
69,0,2199673,"520110","2"
47,0,2215733,"520110","2"
40,0,2226423,"520110","2"
52,0,2235772,"520110","2"
76,0,2246612,"520110","2"
52,0,2297182,"520110","2"
60,0,2025665,"520110","2"
98,0,2166805,"520110","2"
48,0,2022725,"520110","2"
48,0,2175834,"520110","2"
73,0,2208633,"520110","2"
80,0,2252962,"520110","2"
81,0,2252962,"520110","2"
64,0,2264032,"520110","2"
63,0,2294432,"520110","2"
44,0,2178534,"520110","2"
51,0,2205763,"520110","2"
59,0,2252702,"520110","2"
61,1,2167575,"520110","2"
30,1,2191584,"520110","2"
57,0,2169454,"520110","2"
64,1,2181084,"520110","2"
66,0,2184754,"520110","2"
77,1,2212973,"520110","2"
47,0,2201263,"520110","2"
75,1,2220383,"520110","2"
82,0,2278122,"520110","2"
42,1,2260662,"520110","2"
66,1,2262962,"520110","2"
82,1,2298132,"520110","2"
57,0,2289792,"520110","2"
39,0,2025675,"520110","2"
46,0,2034365,"520110","2"
47,0,2034365,"520110","2"
38,0,2038695,"520110","2"
40,0,2027455,"520110","2"
26,0,2040265,"520110","2"
49,0,2030905,"520110","2"
49,0,2040285,"520110","2"
36,0,2192214,"520110","2"
45,0,2182664,"520110","2"
26,0,2225244,"520110","2"
27,0,2225244,"520110","2"
57,0,2225033,"520110","2"
59,0,2225033,"520110","2"
66,0,2253102,"520110","2"
29,0,2254072,"520110","2"
46,0,2258042,"520110","2"
49,0,2280072,"520110","2"
40,0,2224215,"520110","2"
60,0,2018815,"520110","2"
80,0,2162295,"520110","2"
31,0,2166845,"520110","2"
65,0,2021315,"520110","2"
66,0,2021315,"520110","2"
44,0,2225145,"520110","2"
61,0,2185944,"520110","2"
63,0,2185944,"520110","2"
50,0,2190154,"520110","2"
61,0,2188944,"520110","2"
62,0,2188944,"520110","2"
54,0,2170344,"520110","2"
42,0,2179064,"520110","2"
39,0,2170634,"520110","2"
40,0,2213103,"520110","2"
73,0,2203803,"520110","2"
74,0,2203803,"520110","2"
43,0,2214003,"520110","2"
34,0,2223213,"520110","2"
64,0,2211503,"520110","2"
48,0,2221823,"520110","2"
41,0,2241062,"520110","2"
55,0,2229562,"520110","2"
59,0,2267142,"520110","2"
59,0,2269262,"520110","2"
60,0,2304832,"520110","2"
61,0,2300952,"520110","2"
62,0,2300952,"520110","2"
133,1,2190524,"520110","2"
134,0,2190524,"520110","2"
135,0,2190524,"520110","2"
39,0,2170084,"520110","2"
42,0,2198383,"520110","2"
51,0,2222673,"520110","2"
39,0,2211093,"520110","2"
49,0,2219313,"520110","2"
51,0,2292012,"520110","2"
70,0,2303952,"520110","2"
27,0,2306812,"520110","2"
28,0,2306812,"520110","2"
77,0,2028535,"520110","2"
78,0,2028535,"520110","2"
51,0,2022155,"520110","2"
49,0,2163585,"520110","2"
72,0,2189984,"520110","2"
58,0,2173484,"520110","2"
55,0,2192684,"520110","2"
68,0,2203953,"520110","2"
53,0,2213673,"520110","2"
35,0,2223083,"520110","2"
90,0,2217533,"520110","2"
89,0,2214203,"520110","2"
34,0,2217573,"520110","2"
81,0,2202843,"520110","2"
91,0,2250102,"520110","2"
45,0,2269382,"520110","2"
45,0,2260322,"520110","2"
39,0,2280962,"520110","2"
74,0,2290072,"520110","2"
65,0,2292082,"520110","2"
26,0,2036175,"520110","2"
77,0,2030785,"520110","2"
47,0,2034925,"520110","2"
48,0,2034925,"520110","2"
65,0,2040595,"520110","2"
37,0,2187274,"520110","2"
82,0,2191164,"520110","2"
141,0,2169584,"520110","2"
56,0,2175854,"520110","2"
89,0,2202533,"520110","2"
60,0,2205733,"520110","2"
47,0,2213533,"520110","2"
89,0,2198593,"520110","2"
52,0,2209633,"520110","2"
51,0,2206893,"520110","2"
60,0,2206943,"520110","2"
61,0,2211473,"520110","2"
54,0,2234522,"520110","2"
56,0,2252122,"520110","2"
79,0,2249742,"520110","2"
96,0,2252822,"520110","2"
37,0,2279962,"520110","2"
53,0,2300762,"520110","2"
49,0,2234855,"520110","2"
25,0,2260893,"520110","2"
71,0,2027445,"520110","2"
43,0,2026615,"520110","2"
49,0,2026935,"520110","2"
50,0,2026935,"520110","2"
64,0,2027895,"520110","2"
65,0,2196724,"520110","2"
78,0,2175424,"520110","2"
71,0,2218343,"520110","2"
72,0,2218343,"520110","2"
42,0,2202503,"520110","2"
58,0,2208343,"520110","2"
116,0,2196935,"520110","2"
68,0,2251122,"520110","2"
67,0,2239372,"520110","2"
61,0,2224704,"520110","2"
36,0,2270272,"520110","2"
47,0,2300082,"520110","2"
53,0,2028265,"520110","2"
39,0,2162495,"520110","2"
55,0,2167835,"520110","2"
56,0,2167835,"520110","2"
57,0,2179554,"520110","2"
58,0,2179554,"520110","2"
46,0,2190054,"520110","2"
53,0,2169684,"520110","2"
54,0,2169684,"520110","2"
74,0,2210453,"520110","2"
77,0,2218573,"520110","2"
78,0,2218573,"520110","2"
60,0,2199913,"520110","2"
63,0,2223303,"520110","2"
52,0,2221653,"520110","2"
44,0,2249922,"520110","2"
63,0,2243862,"520110","2"
48,0,2240642,"520110","2"
37,0,2240072,"520110","2"
68,0,2286382,"520110","2"
43,0,2039645,"520110","2"
54,0,2034675,"520110","2"
40,0,2020945,"520110","2"
56,0,2169274,"520110","2"
59,0,2181824,"520110","2"
67,0,2225623,"520110","2"
68,0,2225623,"520110","2"
53,0,2200473,"520110","2"
38,0,2224313,"520110","2"
41,0,2246142,"520110","2"
52,0,2027615,"520110","2"
58,0,2164905,"520110","2"
74,0,2182074,"520110","2"
44,0,2212553,"520110","2"
87,0,2198413,"520110","2"
58,0,2254572,"520110","2"
30,0,2259102,"520110","2"
41,0,2257852,"520110","2"
33,2,2302092,"520110","2"
54,0,2186044,"520110","2"
51,0,2176114,"520110","2"
38,0,2279072,"520110","2"
32,0,2167695,"520110","2"
49,0,2165805,"520110","2"
66,0,2022795,"520110","2"
101,0,2019345,"520110","2"
32,0,2187795,"520110","2"
80,0,2034475,"520110","2"
93,1,2035425,"520110","2"
93,2,2035425,"520110","2"
62,0,2034435,"520110","2"
47,0,2024435,"520110","2"
56,0,2189684,"520110","2"
67,0,2169234,"520110","2"
73,0,2188374,"520110","2"
49,0,2179504,"520110","2"
84,1,2172364,"520110","2"
84,2,2172364,"520110","2"
85,1,2172364,"520110","2"
85,2,2172364,"520110","2"
92,0,2211073,"520110","2"
93,0,2211073,"520110","2"
55,0,2203893,"520110","2"
65,0,2214563,"520110","2"
46,0,2224023,"520110","2"
55,0,2214353,"520110","2"
68,0,2216443,"520110","2"
29,0,2204573,"520110","2"
61,0,2229502,"520110","2"
40,0,2238802,"520110","2"
56,0,2264282,"520110","2"
46,0,2292992,"520110","2"
58,1,2289322,"520110","2"
58,2,2289322,"520110","2"
67,0,2032705,"520110","2"
58,0,2248035,"520110","2"
45,0,2038305,"520110","2"
48,0,2025455,"520110","2"
61,0,2189754,"520110","2"
63,0,2209163,"520110","2"
41,0,2217323,"520110","2"
41,0,2222863,"520110","2"
28,0,2209133,"520110","2"
51,0,2225294,"520110","2"
32,0,2230792,"520110","2"
49,0,2271302,"520110","2"
42,0,2262892,"520110","2"
54,0,2305022,"520110","2"
30,0,2286312,"520110","2"
46,0,2291032,"520110","2"
44,0,2234232,"520110","2"
36,0,2038375,"520110","2"
65,0,2028855,"520110","2"
38,0,2037455,"520110","2"
33,0,2166955,"520110","2"
35,0,2304145,"520110","2"
44,0,2034135,"520110","2"
50,0,2272234,"520110","2"
104,0,2186424,"520110","2"
105,0,2186424,"520110","2"
48,0,2193664,"520110","2"
29,0,2216913,"520110","2"
44,0,2252712,"520110","2"
50,0,2271582,"520110","2"
44,0,2261702,"520110","2"
63,0,2266282,"520110","2"
66,0,2273672,"520110","2"
61,0,2295012,"520110","2"
40,0,2041395,"520110","2"
57,0,2187044,"520110","2"
45,0,2185664,"520110","2"
40,0,2189954,"520110","2"
62,0,2201673,"520110","2"
39,0,2200353,"520110","2"
48,0,2207023,"520110","2"
52,0,2201493,"520110","2"
49,0,2241442,"520110","2"
56,0,2224555,"520110","2"
83,0,2292302,"520110","2"
113,0,2019235,"520110","2"
64,0,2025655,"520110","2"
70,0,2162465,"520110","2"
59,0,2162045,"520110","2"
85,0,2036385,"520110","2"
47,0,2031405,"520110","2"
89,0,2032215,"520110","2"
27,0,2191024,"520110","2"
75,0,2209613,"520110","2"
100,0,2221903,"520110","2"
77,0,2223473,"520110","2"
61,0,2209733,"520110","2"
87,0,2222943,"520110","2"
63,0,2212703,"520110","2"
52,0,2243252,"520110","2"
69,0,2273224,"520110","2"
54,0,2299422,"520110","2"
58,0,2291872,"520110","2"
50,0,2032185,"520110","2"
59,0,2020855,"520110","2"
73,0,2022885,"520110","2"
45,0,2041345,"520110","2"
64,0,2186874,"520110","2"
41,0,2188974,"520110","2"
72,0,2217853,"520110","2"
73,0,2217853,"520110","2"
40,0,2219123,"520110","2"
47,0,2216563,"520110","2"
45,0,2213793,"520110","2"
64,0,2250162,"520110","2"
69,0,2262842,"520110","2"
70,0,2262842,"520110","2"
44,0,2261572,"520110","2"
48,0,2301582,"520110","2"
44,0,2163385,"520110","2"
46,0,2032765,"520110","2"
47,0,2032765,"520110","2"
92,0,2018785,"520110","2"
68,0,2175824,"520110","2"
69,0,2175824,"520110","2"
64,0,2223043,"520110","2"
53,0,2215253,"520110","2"
30,0,2201403,"520110","2"
31,0,2201403,"520110","2"
43,0,2220273,"520110","2"
56,0,2198423,"520110","2"
46,0,2241832,"520110","2"
54,0,2245402,"520110","2"
34,0,2265432,"520110","2"
45,0,2300072,"520110","2"
57,0,2305262,"520110","2"
58,0,2305262,"520110","2"
56,0,2028635,"520110","2"
59,0,2033905,"520110","2"
39,0,2020745,"520110","2"
58,0,2027015,"520110","2"
62,0,2034765,"520110","2"
51,0,2178854,"520110","2"
58,0,2175324,"520110","2"
55,0,2172284,"520110","2"
79,2,2174414,"520110","2"
40,0,2214283,"520110","2"
107,0,2221573,"520110","2"
56,0,2243923,"520110","2"
62,0,2210473,"520110","2"
43,0,2220003,"520110","2"
55,2,2195775,"520110","2"
64,1,2222963,"520110","2"
65,2,2222963,"520110","2"
45,0,2230962,"520110","2"
64,0,2264312,"520110","2"
70,0,2306512,"520110","2"
63,0,2306312,"520110","2"
43,0,2304992,"520110","2"
33,0,2264373,"520110","2"
58,0,2167275,"520110","2"
52,0,2040765,"520110","2"
51,0,2020285,"520110","2"
44,0,2184364,"520110","2"
43,0,2220333,"520110","2"
36,0,2215143,"520110","2"
37,0,2215143,"520110","2"
37,0,2206533,"520110","2"
47,0,2261072,"520110","2"
68,0,2298522,"520110","2"
47,0,2303422,"520110","2"
24,0,2295665,"520110","2"
66,0,2029195,"520110","2"
48,0,2020305,"520110","2"
44,0,2038115,"520110","2"
42,0,2033505,"520110","2"
67,0,2176904,"520110","2"
52,0,2179604,"520110","2"
53,0,2203133,"520110","2"
53,0,2214263,"520110","2"
54,0,2214263,"520110","2"
76,0,2218673,"520110","2"
77,0,2218673,"520110","2"
36,0,2234772,"520110","2"
43,0,2229972,"520110","2"
66,0,2251022,"520110","2"
67,0,2251022,"520110","2"
51,0,2269532,"520110","2"
76,0,2301982,"520110","2"
84,0,2304872,"520110","2"
85,0,2304872,"520110","2"
49,0,2165405,"520110","2"
49,0,2161645,"520110","2"
57,0,2189844,"520110","2"
63,0,2188794,"520110","2"
83,0,2291892,"520110","2"
58,0,2299852,"520110","2"
40,0,2298252,"520110","2"
62,0,2029755,"520110","2"
38,0,2031455,"520110","2"
48,0,2026555,"520110","2"
52,0,2019905,"520110","2"
54,0,2021845,"520110","2"
60,0,2201173,"520110","2"
71,0,2220623,"520110","2"
72,0,2220623,"520110","2"
32,0,2269823,"520110","2"
48,0,2223563,"520110","2"
49,0,2223563,"520110","2"
50,0,2223563,"520110","2"
40,0,2268152,"520110","2"
84,0,2036215,"520110","2"
54,0,2025585,"520110","2"
50,2,2035545,"520110","2"
40,0,2167915,"520110","2"
90,0,2022545,"520110","2"
84,0,2039905,"520110","2"
47,0,2036005,"520110","2"
92,0,2172184,"520110","2"
41,0,2189334,"520110","2"
77,0,2191074,"520110","2"
78,0,2191074,"520110","2"
39,0,2187024,"520110","2"
60,0,2182704,"520110","2"
70,0,2206333,"520110","2"
34,0,2225083,"520110","2"
74,0,2223693,"520110","2"
72,0,2205883,"520110","2"
40,0,2292942,"520110","2"
62,0,2030945,"520110","2"
67,0,2169834,"520110","2"
68,0,2169834,"520110","2"
72,0,2190874,"520110","2"
60,0,2220613,"520110","2"
77,0,2210423,"520110","2"
28,0,2248292,"520110","2"
28,0,2238632,"520110","2"
62,0,2288122,"520110","2"
38,0,2293402,"520110","2"
73,0,2285222,"520110","2"
35,0,2280324,"520110","2"
41,0,2306845,"520110","2"
75,0,2031775,"520110","2"
29,0,2193774,"520110","2"
42,0,2170504,"520110","2"
32,0,2176574,"520110","2"
71,0,2213443,"520110","2"
61,0,2213113,"520110","2"
36,0,2267233,"520110","2"
37,0,2267233,"520110","2"
58,0,2209903,"520110","2"
41,0,2238792,"520110","2"
51,0,2229012,"520110","2"
45,0,2283122,"520110","2"
60,0,2036035,"520110","2"
26,0,2250304,"520110","2"
64,0,2224273,"520110","2"
37,0,2031105,"520110","2"
38,2,2032685,"520110","2"
39,2,2032685,"520110","2"
54,0,2020805,"520110","2"
58,0,2190804,"520110","2"
59,2,2191034,"520110","2"
75,0,2187954,"520110","2"
30,0,2187804,"520110","2"
52,0,2205573,"520110","2"
37,2,2205213,"520110","2"
43,0,2199033,"520110","2"
64,0,2277422,"520110","2"
51,2,2300412,"520110","2"
56,0,2165465,"520110","2"
28,0,2207583,"520110","2"
32,0,2238892,"520110","2"
42,0,2287982,"520110","2"
43,0,2287982,"520110","2"
57,0,2027715,"520110","2"
66,0,2019225,"520110","2"
113,0,2026405,"520110","2"
114,0,2026405,"520110","2"
115,0,2026405,"520110","2"
116,0,2026405,"520110","2"
117,0,2026405,"520110","2"
56,0,2186324,"520110","2"
42,0,2169574,"520110","2"
74,2,2180754,"520110","2"
78,0,2212223,"520110","2"
79,0,2212223,"520110","2"
63,0,2221093,"520110","2"
64,0,2221093,"520110","2"
112,0,2222913,"520110","2"
53,2,2220823,"520110","2"
51,0,2237122,"520110","2"
82,1,2278402,"520110","2"
59,0,2299342,"520110","2"
79,0,2030815,"520110","2"
77,0,2021655,"520110","2"
46,1,2225945,"520110","2"
49,1,2196075,"520110","2"
49,2,2196075,"520110","2"
47,0,2039695,"520110","2"
64,0,2031765,"520110","2"
95,0,2032795,"520110","2"
73,0,2018675,"520110","2"
74,0,2018675,"520110","2"
43,0,2037975,"520110","2"
56,0,2181954,"520110","2"
49,0,2192804,"520110","2"
90,1,2177284,"520110","2"
90,2,2177284,"520110","2"
44,0,2181184,"520110","2"
50,0,2184494,"520110","2"
44,0,2175564,"520110","2"
52,0,2209323,"520110","2"
41,0,2207053,"520110","2"
73,0,2221393,"520110","2"
67,1,2212693,"520110","2"
63,2,2213943,"520110","2"
52,0,2212133,"520110","2"
80,0,2222483,"520110","2"
56,0,2244292,"520110","2"
54,0,2231362,"520110","2"
91,0,2278662,"520110","2"
92,0,2278662,"520110","2"
93,0,2278662,"520110","2"
65,1,2267862,"520110","2"
65,2,2267862,"520110","2"
66,0,2267862,"520110","2"
66,0,2269242,"520110","2"
75,1,2227465,"520110","2"
75,2,2227465,"520110","2"
50,0,2290372,"520110","2"
45,0,2173854,"520110","2"
32,0,2193994,"520110","2"
42,0,2172014,"520110","2"
45,0,2169314,"520110","2"
56,0,2176294,"520110","2"
68,0,2182394,"520110","2"
69,0,2182394,"520110","2"
40,0,2217193,"520110","2"
68,0,2221453,"520110","2"
57,0,2220363,"520110","2"
58,0,2220363,"520110","2"
45,0,2220773,"520110","2"
38,0,2252662,"520110","2"
39,0,2252662,"520110","2"
36,0,2262702,"520110","2"
37,0,2297542,"520110","2"
31,0,2275483,"520110","2"
63,0,2218695,"520110","2"
61,0,2305532,"520110","2"
57,0,2025085,"520110","2"
61,0,2023955,"520110","2"
79,0,2030105,"520110","2"
66,0,2031555,"520110","2"
75,0,2191654,"520110","2"
72,0,2177534,"520110","2"
78,0,2177154,"520110","2"
51,0,2214393,"520110","2"
80,0,2227315,"520110","2"
25,0,2290534,"520110","2"
55,0,2018445,"520110","2"
47,0,2019595,"520110","2"
30,0,2041295,"520110","2"
45,0,2183054,"520110","2"
54,0,2180244,"520110","2"
71,0,2231722,"520110","2"
59,0,2254282,"520110","2"
60,0,2254282,"520110","2"
40,0,2270502,"520110","2"
35,0,2295032,"520110","2"
73,0,2031585,"520110","2"
74,0,2031585,"520110","2"
58,0,2176934,"520110","2"
84,0,2185344,"520110","2"
53,0,2247282,"520110","2"
52,0,2287242,"520110","2"
37,0,2169154,"520110","2"
28,0,2304972,"520110","2"
59,0,2027605,"520110","2"
93,0,2175674,"520110","2"
58,0,2208223,"520110","2"
73,0,2022535,"520110","2"
50,0,2032255,"520110","2"
44,0,2190964,"520110","2"
49,0,2175034,"520110","2"
45,0,2215723,"520110","2"
52,0,2217283,"520110","2"
45,0,2210413,"520110","2"
86,0,2018215,"520110","2"
61,0,2020105,"520110","2"
77,0,2026535,"520110","2"
63,0,2171104,"520110","2"
68,0,2222133,"520110","2"
60,0,2222703,"520110","2"
61,0,2222703,"520110","2"
34,0,2225113,"520110","2"
56,0,2249672,"520110","2"
58,0,2244085,"520110","2"
82,1,2035575,"520110","2"
80,0,2037825,"520110","2"
32,0,2036835,"520110","2"
43,0,2038235,"520110","2"
47,0,2033455,"520110","2"
61,2,2170424,"520110","2"
52,0,2169244,"520110","2"
45,0,2225663,"520110","2"
46,0,2225663,"520110","2"
47,0,2225663,"520110","2"
60,0,2220343,"520110","2"
46,1,2306432,"520110","2"
87,0,2027475,"520110","2"
88,0,2027475,"520110","2"
87,0,2031365,"520110","2"
88,0,2031365,"520110","2"
55,0,2173074,"520110","2"
73,0,2188224,"520110","2"
62,0,2217733,"520110","2"
83,0,2295462,"520110","2"
64,0,2302812,"520110","2"
65,0,2302812,"520110","2"
48,0,2292052,"520110","2"
46,0,2185654,"520110","2"
85,0,2282142,"520110","2"
46,0,2018695,"520110","2"
65,0,2190694,"520110","2"
41,0,2174844,"520110","2"
42,0,2174844,"520110","2"
46,0,2184704,"520110","2"
67,0,2192814,"520110","2"
69,0,2192814,"520110","2"
61,0,2208513,"520110","2"
48,0,2206583,"520110","2"
52,0,2018595,"520110","2"
62,0,2033115,"520110","2"
71,0,2173604,"520110","2"
50,0,2178404,"520110","2"
66,0,2211463,"520110","2"
48,0,2296252,"520110","2"
73,0,2033975,"520110","2"
64,0,2026135,"520110","2"
39,1,2022495,"520110","2"
39,2,2022495,"520110","2"
49,0,2169764,"520110","2"
76,1,2187214,"520110","2"
76,2,2187214,"520110","2"
65,1,2219443,"520110","2"
65,2,2219443,"520110","2"
68,0,2222393,"520110","2"
53,1,2243792,"520110","2"
53,2,2243792,"520110","2"
63,0,2263672,"520110","2"
64,1,2256402,"520110","2"
64,2,2256402,"520110","2"
21,0,2293742,"520110","2"
56,0,2301732,"520110","2"
41,0,2301782,"520110","2"
43,1,2247703,"520110","2"
43,2,2247703,"520110","2"
48,0,2026355,"520110","2"
56,0,2030675,"520110","2"
36,0,2178214,"520110","2"
44,0,2208803,"520110","2"
58,0,2211393,"520110","2"
56,0,2171374,"520110","2"
49,0,2169944,"520110","2"
70,0,2258312,"520110","2"
71,0,2258312,"520110","2"
44,0,2307392,"520110","2"
66,0,2256252,"520110","2"
47,0,2179924,"520110","2"
58,0,2212243,"520110","2"
59,0,2212243,"520110","2"
42,0,2276955,"520110","2"
